password,name,email,contactNo
Devpulse,Douglas,dberry0@ameblo.jp,94671488
Innojam,Andrew,awatson1@icq.com,85047381
Yamia,Susan,spatterson2@artisteer.com,83174081
Podcat,Phillip,pramos3@npr.org,90105457
Linktype,Bobby,bowens4@t.co,91914192
Browsezoom,Alice,aholmes5@state.tx.us,81433746
Rooxo,Margaret,mowens6@hexun.com,98026484
Photobean,Cynthia,cgarrett7@flavors.me,80784704
Twitterworks,Jeremy,jkelley8@smh.com.au,98706762
Avavee,Johnny,jpierce9@mail.ru,94801301
Skyndu,Angela,ayounga@walmart.com,97996215
Jabberstorm,Larry,lyoungb@alexa.com,81967896
Browseblab,Bonnie,bmccoyc@wix.com,92309950
Yata,Andrew,agilbertd@discovery.com,95168907
Kamba,Dorothy,drosee@cargocollective.com,80270606
LiveZ,Kelly,kpattersonf@nasa.gov,88354365
Thoughtmix,Scott,spattersong@devhub.com,82624191
Photojam,Jessica,jmorganh@comsenz.com,89493918
Blognation,Cheryl,chamiltoni@hugedomains.com,80028159
Devpoint,Amanda,awoodj@rambler.ru,80845134
Oyope,Martha,mgonzalesk@mtv.com,94031502
Youfeed,Anne,ahowelll@twitter.com,93623569
Abatz,Philip,pcarrm@cnbc.com,93593964
Shuffledrive,Kelly,ktaylorn@desdev.cn,97546656
Mydo,Donald,dlawrenceo@loc.gov,95195916
Devpulse,Russell,rwagnerp@cbsnews.com,90879368
Wordware,Kevin,khansenq@google.nl,93188608
Fiveclub,Annie,amasonr@state.tx.us,99305866
Riffpath,Louise,lphillipss@cbsnews.com,91576575
Wordtune,Ruby,rhayest@google.com.br,85698854
Voolia,Kevin,kdunnu@marriott.com,83446970
Topicblab,Jessica,jtuckerv@sina.com.cn,92471053
Buzzshare,Edward,eporterw@fda.gov,80239194
Livefish,Martin,msandersx@yelp.com,89256478
Thoughtbeat,Patrick,pmorrisy@squidoo.com,95492779
Oyondu,Joyce,jwoodsz@army.mil,90173905
Eidel,Peter,pwatkins10@ihg.com,89803217
Skinte,Ashley,awashington11@quantcast.com,91211174
Bubblemix,Arthur,aevans12@chron.com,80472855
Brightbean,Eugene,evasquez13@wikispaces.com,99913651
Jayo,Scott,sbell14@prlog.org,89700220
Trilith,Lois,lhawkins15@reuters.com,82663642
Tavu,Emily,ejackson16@fc2.com,87683518
Topiclounge,Albert,acook17@apache.org,94975062
Skyba,Shawn,sford18@aol.com,85021503
Vinder,Jimmy,jgrant19@dedecms.com,85690676
Wikizz,Jean,jweaver1a@geocities.jp,93939762
Roombo,Paula,prodriguez1b@timesonline.co.uk,81892422
Jetpulse,Edward,eschmidt1c@house.gov,92807808
Blognation,Phyllis,poliver1d@harvard.edu,93170931
